Week,tv,dm,print,infl_spend,infl_dir_rev,sales,tv_lag_1,dm_lag_1,print_lag_1,infl_spend_lag_1,infl_dir_rev_lag_1,sales_lag_1,tv_lag_2,dm_lag_2,print_lag_2,infl_spend_lag_2,infl_dir_rev_lag_2,sales_lag_2,tv_decay,dm_decay,print_decay,infl_spend_decay,infl_dir_rev_decay,sales_decay
1, $230 , $38 , $69 , $51 , $44 , $408 , $-   , $-   , $-   , $-   , $-   , $-   , $-   , $-   , $-   , $-   , $-   , $-   , $161 , $26 , $48 , $35 , $31 , $285 
2, $45 , $39 , $45 , $19 , $20 , $168 , $230 , $38 , $69 , $51 , $44 , $408 , $-   , $-   , $-   , $-   , $-   , $-   , $100 , $39 , $52 , $29 , $27 , $240 
3, $17 , $46 , $69 , $20 , $20 , $172 , $45 , $39 , $45 , $19 , $20 , $168 , $230 , $38 , $69 , $51 , $44 , $408 , $25 , $44 , $62 , $20 , $20 , $171 
4, $152 , $41 , $59 , $38 , $34 , $309 , $17 , $46 , $69 , $20 , $20 , $172 , $45 , $39 , $45 , $19 , $20 , $168 , $111 , $43 , $62 , $32 , $30 , $268 
5, $181 , $11 , $58 , $38 , $34 , $308 , $152 , $41 , $59 , $38 , $34 , $309 , $17 , $46 , $69 , $20 , $20 , $172 , $172 , $20 , $58 , $38 , $34 , $308 
6, $9 , $49 , $75 , $20 , $20 , $172 , $181 , $11 , $58 , $38 , $34 , $308 , $152 , $41 , $59 , $38 , $34 , $309 , $60 , $37 , $70 , $25 , $24 , $213 
7, $58 , $33 , $24 , $17 , $18 , $151 , $9 , $49 , $75 , $20 , $20 , $172 , $181 , $11 , $58 , $38 , $34 , $308 , $43 , $38 , $39 , $18 , $19 , $157 
8, $120 , $20 , $12 , $23 , $22 , $194 , $58 , $33 , $24 , $17 , $18 , $151 , $9 , $49 , $75 , $20 , $20 , $172 , $101 , $24 , $15 , $21 , $21 , $181 
9, $9 , $2 , $1 , $2 , $6 , $33 , $120 , $20 , $12 , $23 , $22 , $194 , $58 , $33 , $24 , $17 , $18 , $151 , $42 , $7 , $4 , $8 , $11 , $82 
10, $200 , $3 , $21 , $34 , $31 , $277 , $9 , $2 , $1 , $2 , $6 , $33 , $120 , $20 , $12 , $23 , $22 , $194 , $142 , $2 , $15 , $24 , $23 , $204 
11, $66 , $6 , $24 , $14 , $16 , $131 , $200 , $3 , $21 , $34 , $31 , $277 , $9 , $2 , $1 , $2 , $6 , $33 , $106 , $5 , $23 , $20 , $20 , $175 
12, $215 , $24 , $4 , $36 , $33 , $299 , $66 , $6 , $24 , $14 , $16 , $131 , $200 , $3 , $21 , $34 , $31 , $277 , $170 , $19 , $10 , $30 , $28 , $249 
13, $24 , $35 , $66 , $19 , $19 , $164 , $215 , $24 , $4 , $36 , $33 , $299 , $66 , $6 , $24 , $14 , $16 , $131 , $81 , $32 , $47 , $24 , $23 , $204 
14, $98 , $8 , $7 , $17 , $18 , $149 , $24 , $35 , $66 , $19 , $19 , $164 , $215 , $24 , $4 , $36 , $33 , $299 , $75 , $16 , $25 , $17 , $18 , $153 
15, $204 , $33 , $46 , $42 , $38 , $345 , $98 , $8 , $7 , $17 , $18 , $149 , $24 , $35 , $66 , $19 , $19 , $164 , $172 , $25 , $34 , $35 , $32 , $287 
16, $195 , $48 , $53 , $44 , $39 , $360 , $204 , $33 , $46 , $42 , $38 , $345 , $98 , $8 , $7 , $17 , $18 , $149 , $198 , $43 , $51 , $44 , $39 , $356 
17, $68 , $37 , $114 , $33 , $30 , $271 , $195 , $48 , $53 , $44 , $39 , $360 , $204 , $33 , $46 , $42 , $38 , $345 , $106 , $40 , $96 , $36 , $33 , $298 
18, $281 , $40 , $56 , $57 , $48 , $453 , $68 , $37 , $114 , $33 , $30 , $271 , $195 , $48 , $53 , $44 , $39 , $360 , $217 , $39 , $73 , $49 , $43 , $399 
19, $69 , $21 , $18 , $16 , $17 , $144 , $281 , $40 , $56 , $57 , $48 , $453 , $68 , $37 , $114 , $33 , $30 , $271 , $133 , $26 , $30 , $28 , $27 , $237 
20, $147 , $24 , $19 , $29 , $27 , $239 , $69 , $21 , $18 , $16 , $17 , $144 , $281 , $40 , $56 , $57 , $48 , $453 , $124 , $23 , $19 , $25 , $24 , $210 
21, $218 , $28 , $53 , $45 , $39 , $364 , $147 , $24 , $19 , $29 , $27 , $239 , $69 , $21 , $18 , $16 , $17 , $144 , $197 , $27 , $43 , $40 , $36 , $327 
22, $237 , $5 , $24 , $40 , $36 , $326 , $218 , $28 , $53 , $45 , $39 , $364 , $147 , $24 , $19 , $29 , $27 , $239 , $232 , $12 , $32 , $41 , $37 , $337 
23, $13 , $16 , $50 , $12 , $14 , $111 , $237 , $5 , $24 , $40 , $36 , $326 , $218 , $28 , $53 , $45 , $39 , $364 , $80 , $13 , $42 , $20 , $21 , $175 
24, $228 , $17 , $26 , $41 , $36 , $332 , $13 , $16 , $50 , $12 , $14 , $111 , $237 , $5 , $24 , $40 , $36 , $326 , $164 , $17 , $33 , $32 , $30 , $266 
25, $62 , $13 , $18 , $14 , $16 , $127 , $228 , $17 , $26 , $41 , $36 , $332 , $13 , $16 , $50 , $12 , $14 , $111 , $112 , $14 , $21 , $22 , $22 , $189 
26, $263 , $4 , $20 , $43 , $38 , $349 , $62 , $13 , $18 , $14 , $16 , $127 , $228 , $17 , $26 , $41 , $36 , $332 , $203 , $6 , $19 , $34 , $31 , $282 
27, $143 , $29 , $13 , $28 , $26 , $233 , $263 , $4 , $20 , $43 , $38 , $349 , $62 , $13 , $18 , $14 , $16 , $127 , $179 , $22 , $15 , $32 , $30 , $267 
28, $240 , $17 , $23 , $42 , $37 , $342 , $143 , $29 , $13 , $28 , $26 , $233 , $263 , $4 , $20 , $43 , $38 , $349 , $211 , $20 , $20 , $38 , $34 , $309 
29, $249 , $27 , $23 , $45 , $39 , $364 , $240 , $17 , $23 , $42 , $37 , $342 , $143 , $29 , $13 , $28 , $26 , $233 , $246 , $24 , $23 , $44 , $39 , $357 
30, $71 , $16 , $41 , $19 , $20 , $167 , $249 , $27 , $23 , $45 , $39 , $364 , $240 , $17 , $23 , $42 , $37 , $342 , $124 , $19 , $35 , $27 , $26 , $226 
31, $293 , $28 , $43 , $55 , $47 , $439 , $71 , $16 , $41 , $19 , $20 , $167 , $249 , $27 , $23 , $45 , $39 , $364 , $226 , $25 , $42 , $44 , $39 , $357 
32, $113 , $17 , $39 , $25 , $24 , $214 , $293 , $28 , $43 , $55 , $47 , $439 , $71 , $16 , $41 , $19 , $20 , $167 , $167 , $21 , $40 , $34 , $31 , $282 
33, $97 , $2 , $30 , $19 , $20 , $168 , $113 , $17 , $39 , $25 , $24 , $214 , $293 , $28 , $43 , $55 , $47 , $439 , $102 , $6 , $33 , $21 , $21 , $182 
34, $266 , $20 , $0 , $43 , $38 , $349 , $97 , $2 , $30 , $19 , $20 , $168 , $113 , $17 , $39 , $25 , $24 , $214 , $215 , $14 , $9 , $36 , $32 , $295 
35, $96 , $1 , $7 , $16 , $17 , $140 , $266 , $20 , $0 , $43 , $38 , $349 , $97 , $2 , $30 , $19 , $20 , $168 , $147 , $7 , $5 , $24 , $23 , $203 
36, $291 , $4 , $9 , $45 , $40 , $369 , $96 , $1 , $7 , $16 , $17 , $140 , $266 , $20 , $0 , $43 , $38 , $349 , $232 , $3 , $8 , $37 , $33 , $300 
37, $267 , $44 , $5 , $47 , $41 , $383 , $291 , $4 , $9 , $45 , $40 , $369 , $96 , $1 , $7 , $16 , $17 , $140 , $274 , $32 , $6 , $47 , $41 , $379 
38, $75 , $49 , $46 , $25 , $25 , $215 , $267 , $44 , $5 , $47 , $41 , $383 , $291 , $4 , $9 , $45 , $40 , $369 , $132 , $48 , $33 , $32 , $30 , $266 
39, $43 , $27 , $35 , $16 , $17 , $141 , $75 , $49 , $46 , $25 , $25 , $215 , $267 , $44 , $5 , $47 , $41 , $383 , $53 , $34 , $38 , $19 , $19 , $163 
40, $228 , $38 , $32 , $45 , $39 , $362 , $43 , $27 , $35 , $16 , $17 , $141 , $75 , $49 , $46 , $25 , $25 , $215 , $173 , $34 , $33 , $36 , $33 , $296 
41, $203 , $22 , $32 , $38 , $34 , $315 , $228 , $38 , $32 , $45 , $39 , $362 , $43 , $27 , $35 , $16 , $17 , $141 , $210 , $27 , $32 , $40 , $36 , $329 
42, $177 , $33 , $39 , $37 , $34 , $306 , $203 , $22 , $32 , $38 , $34 , $315 , $228 , $38 , $32 , $45 , $39 , $362 , $185 , $30 , $37 , $38 , $34 , $309 
43, $294 , $28 , $2 , $48 , $42 , $392 , $177 , $33 , $39 , $37 , $34 , $306 , $203 , $22 , $32 , $38 , $34 , $315 , $259 , $29 , $13 , $45 , $40 , $366 
44, $207 , $8 , $26 , $36 , $33 , $298 , $294 , $28 , $2 , $48 , $42 , $392 , $177 , $33 , $39 , $37 , $34 , $306 , $233 , $14 , $19 , $40 , $36 , $326 
45, $25 , $26 , $43 , $14 , $16 , $128 , $207 , $8 , $26 , $36 , $33 , $298 , $294 , $28 , $2 , $48 , $42 , $392 , $80 , $21 , $38 , $21 , $21 , $179 
46, $175 , $23 , $32 , $34 , $31 , $283 , $25 , $26 , $43 , $14 , $16 , $128 , $207 , $8 , $26 , $36 , $33 , $298 , $130 , $23 , $35 , $28 , $27 , $237 
47, $90 , $10 , $36 , $20 , $21 , $176 , $175 , $23 , $32 , $34 , $31 , $283 , $25 , $26 , $43 , $14 , $16 , $128 , $115 , $14 , $34 , $25 , $24 , $208 
48, $240 , $42 , $19 , $45 , $39 , $365 , $90 , $10 , $36 , $20 , $21 , $176 , $175 , $23 , $32 , $34 , $31 , $283 , $195 , $32 , $24 , $38 , $34 , $308 
49, $227 , $16 , $50 , $44 , $39 , $357 , $240 , $42 , $19 , $45 , $39 , $365 , $90 , $10 , $36 , $20 , $21 , $176 , $231 , $24 , $40 , $44 , $39 , $359 
50, $67 , $12 , $37 , $17 , $18 , $153 , $227 , $16 , $50 , $44 , $39 , $357 , $240 , $42 , $19 , $45 , $39 , $365 , $115 , $13 , $41 , $25 , $24 , $214 
51, $200 , $3 , $35 , $36 , $32 , $293 , $67 , $12 , $37 , $17 , $18 , $153 , $227 , $16 , $50 , $44 , $39 , $357 , $160 , $6 , $35 , $30 , $28 , $251 
52, $100 , $10 , $4 , $17 , $18 , $151 , $200 , $3 , $35 , $36 , $32 , $293 , $67 , $12 , $37 , $17 , $18 , $153 , $130 , $8 , $13 , $23 , $22 , $193 
53, $216 , $42 , $40 , $45 , $39 , $362 , $100 , $10 , $4 , $17 , $18 , $151 , $200 , $3 , $35 , $36 , $32 , $293 , $182 , $32 , $29 , $36 , $33 , $299 
54, $183 , $46 , $59 , $43 , $38 , $351 , $216 , $42 , $40 , $45 , $39 , $362 , $100 , $10 , $4 , $17 , $18 , $151 , $193 , $45 , $53 , $44 , $38 , $354 
55, $263 , $29 , $16 , $46 , $40 , $374 , $183 , $46 , $59 , $43 , $38 , $351 , $216 , $42 , $40 , $45 , $39 , $362 , $239 , $34 , $29 , $45 , $40 , $367 
56, $199 , $49 , $60 , $46 , $40 , $375 , $263 , $29 , $16 , $46 , $40 , $374 , $183 , $46 , $59 , $43 , $38 , $351 , $218 , $43 , $47 , $46 , $40 , $374 
57, $7 , $28 , $41 , $12 , $14 , $108 , $199 , $49 , $60 , $46 , $40 , $375 , $263 , $29 , $16 , $46 , $40 , $374 , $65 , $34 , $47 , $22 , $22 , $188 
58, $136 , $19 , $17 , $26 , $25 , $218 , $7 , $28 , $41 , $12 , $14 , $108 , $199 , $49 , $60 , $46 , $40 , $375 , $98 , $22 , $24 , $22 , $21 , $185 
59, $211 , $50 , $38 , $45 , $39 , $363 , $136 , $19 , $17 , $26 , $25 , $218 , $7 , $28 , $41 , $12 , $14 , $108 , $188 , $40 , $31 , $39 , $35 , $319 
60, $211 , $30 , $9 , $37 , $34 , $307 , $211 , $50 , $38 , $45 , $39 , $363 , $136 , $19 , $17 , $26 , $25 , $218 , $211 , $36 , $18 , $40 , $35 , $324 
61, $54 , $2 , $21 , $12 , $14 , $108 , $211 , $30 , $9 , $37 , $34 , $307 , $211 , $50 , $38 , $45 , $39 , $363 , $101 , $10 , $18 , $19 , $20 , $168 
62, $261 , $43 , $55 , $54 , $46 , $433 , $54 , $2 , $21 , $12 , $14 , $108 , $211 , $30 , $9 , $37 , $34 , $307 , $199 , $30 , $45 , $41 , $37 , $335 
63, $239 , $16 , $27 , $42 , $37 , $344 , $261 , $43 , $55 , $54 , $46 , $433 , $54 , $2 , $21 , $12 , $14 , $108 , $246 , $24 , $36 , $46 , $40 , $371 
64, $103 , $30 , $8 , $21 , $21 , $182 , $239 , $16 , $27 , $42 , $37 , $344 , $261 , $43 , $55 , $54 , $46 , $433 , $144 , $25 , $14 , $27 , $26 , $231 
65, $131 , $43 , $29 , $30 , $28 , $253 , $103 , $30 , $8 , $21 , $21 , $182 , $239 , $16 , $27 , $42 , $37 , $344 , $123 , $39 , $23 , $28 , $26 , $232 
66, $69 , $9 , $1 , $12 , $14 , $111 , $131 , $43 , $29 , $30 , $28 , $253 , $103 , $30 , $8 , $21 , $21 , $182 , $88 , $19 , $9 , $17 , $18 , $154 
67, $32 , $25 , $2 , $9 , $12 , $87 , $69 , $9 , $1 , $12 , $14 , $111 , $131 , $43 , $29 , $30 , $28 , $253 , $43 , $20 , $2 , $10 , $12 , $94 
68, $139 , $15 , $10 , $25 , $24 , $209 , $32 , $25 , $2 , $9 , $12 , $87 , $69 , $9 , $1 , $12 , $14 , $111 , $107 , $18 , $8 , $20 , $20 , $172 
69, $237 , $28 , $11 , $41 , $37 , $337 , $139 , $15 , $10 , $25 , $24 , $209 , $32 , $25 , $2 , $9 , $12 , $87 , $208 , $24 , $11 , $36 , $33 , $299 
70, $217 , $44 , $27 , $43 , $38 , $351 , $237 , $28 , $11 , $41 , $37 , $337 , $139 , $15 , $10 , $25 , $24 , $209 , $223 , $39 , $22 , $43 , $38 , $347 
71, $199 , $31 , $39 , $40 , $36 , $329 , $217 , $44 , $27 , $43 , $38 , $351 , $237 , $28 , $11 , $41 , $37 , $337 , $204 , $35 , $35 , $41 , $37 , $335 
72, $110 , $14 , $32 , $23 , $23 , $199 , $199 , $31 , $39 , $40 , $36 , $329 , $217 , $44 , $27 , $43 , $38 , $351 , $137 , $19 , $34 , $28 , $27 , $238 
73, $27 , $33 , $19 , $12 , $14 , $111 , $110 , $14 , $32 , $23 , $23 , $199 , $199 , $31 , $39 , $40 , $36 , $329 , $52 , $27 , $23 , $15 , $17 , $137 
74, $129 , $6 , $31 , $25 , $24 , $211 , $27 , $33 , $19 , $12 , $14 , $111 , $110 , $14 , $32 , $23 , $23 , $199 , $99 , $14 , $28 , $21 , $21 , $181 
75, $213 , $25 , $13 , $38 , $34 , $309 , $129 , $6 , $31 , $25 , $24 , $211 , $27 , $33 , $19 , $12 , $14 , $111 , $188 , $19 , $19 , $34 , $31 , $280 
76, $17 , $44 , $89 , $23 , $22 , $193 , $213 , $25 , $13 , $38 , $34 , $309 , $129 , $6 , $31 , $25 , $24 , $211 , $76 , $38 , $67 , $27 , $26 , $227 
77, $28 , $2 , $21 , $7 , $11 , $77 , $17 , $44 , $89 , $23 , $22 , $193 , $213 , $25 , $13 , $38 , $34 , $309 , $24 , $14 , $41 , $12 , $14 , $112 
78, $121 , $29 , $14 , $24 , $24 , $208 , $28 , $2 , $21 , $7 , $11 , $77 , $17 , $44 , $89 , $23 , $22 , $193 , $93 , $20 , $16 , $19 , $20 , $169 
79, $5 , $30 , $9 , $7 , $10 , $71 , $121 , $29 , $14 , $24 , $24 , $208 , $28 , $2 , $21 , $7 , $11 , $77 , $40 , $29 , $11 , $12 , $14 , $112 
80, $116 , $8 , $23 , $22 , $22 , $189 , $5 , $30 , $9 , $7 , $10 , $71 , $121 , $29 , $14 , $24 , $24 , $208 , $83 , $14 , $19 , $17 , $18 , $154 
81, $76 , $27 , $22 , $19 , $19 , $164 , $116 , $8 , $23 , $22 , $22 , $189 , $5 , $30 , $9 , $7 , $10 , $71 , $88 , $21 , $23 , $20 , $20 , $172 
82, $240 , $4 , $37 , $42 , $37 , $343 , $76 , $27 , $22 , $19 , $19 , $164 , $116 , $8 , $23 , $22 , $22 , $189 , $191 , $11 , $33 , $35 , $32 , $289 
83, $75 , $20 , $33 , $19 , $20 , $167 , $240 , $4 , $37 , $42 , $37 , $343 , $76 , $27 , $22 , $19 , $19 , $164 , $125 , $15 , $34 , $26 , $25 , $220 
84, $68 , $45 , $36 , $22 , $22 , $191 , $75 , $20 , $33 , $19 , $20 , $167 , $240 , $4 , $37 , $42 , $37 , $343 , $70 , $37 , $35 , $21 , $21 , $184 
85, $214 , $43 , $34 , $44 , $38 , $354 , $68 , $45 , $36 , $22 , $22 , $191 , $75 , $20 , $33 , $19 , $20 , $167 , $170 , $43 , $34 , $37 , $33 , $305 
86, $193 , $18 , $66 , $42 , $37 , $339 , $214 , $43 , $34 , $44 , $38 , $354 , $68 , $45 , $36 , $22 , $22 , $191 , $199 , $26 , $56 , $42 , $37 , $343 
87, $76 , $28 , $16 , $18 , $19 , $158 , $193 , $18 , $66 , $42 , $37 , $339 , $214 , $43 , $34 , $44 , $38 , $354 , $111 , $25 , $31 , $25 , $24 , $212 
88, $111 , $41 , $63 , $32 , $30 , $267 , $76 , $28 , $16 , $18 , $19 , $158 , $193 , $18 , $66 , $42 , $37 , $339 , $100 , $37 , $49 , $28 , $26 , $234 
89, $88 , $26 , $73 , $28 , $27 , $235 , $111 , $41 , $63 , $32 , $30 , $267 , $76 , $28 , $16 , $18 , $19 , $158 , $95 , $30 , $70 , $29 , $27 , $245 
90, $110 , $48 , $51 , $31 , $29 , $260 , $88 , $26 , $73 , $28 , $27 , $235 , $111 , $41 , $63 , $32 , $30 , $267 , $103 , $41 , $58 , $30 , $28 , $253 
91, $134 , $5 , $9 , $22 , $22 , $191 , $110 , $48 , $51 , $31 , $29 , $260 , $88 , $26 , $73 , $28 , $27 , $235 , $127 , $18 , $22 , $25 , $24 , $212 
92, $29 , $2 , $33 , $9 , $12 , $93 , $134 , $5 , $9 , $22 , $22 , $191 , $110 , $48 , $51 , $31 , $29 , $260 , $60 , $3 , $26 , $13 , $15 , $122 
93, $218 , $34 , $59 , $47 , $41 , $377 , $29 , $2 , $33 , $9 , $12 , $93 , $134 , $5 , $9 , $22 , $22 , $191 , $161 , $24 , $51 , $35 , $32 , $291 
94, $251 , $37 , $72 , $54 , $46 , $434 , $218 , $34 , $59 , $47 , $41 , $377 , $29 , $2 , $33 , $9 , $12 , $93 , $241 , $36 , $68 , $52 , $45 , $417 
95, $107 , $14 , $11 , $20 , $20 , $172 , $251 , $37 , $72 , $54 , $46 , $434 , $218 , $34 , $59 , $47 , $41 , $377 , $150 , $21 , $29 , $30 , $28 , $251 
96, $163 , $32 , $53 , $37 , $33 , $305 , $107 , $14 , $11 , $20 , $20 , $172 , $251 , $37 , $72 , $54 , $46 , $434 , $147 , $26 , $40 , $32 , $30 , $265 
97, $198 , $4 , $6 , $31 , $29 , $258 , $163 , $32 , $53 , $37 , $33 , $305 , $107 , $14 , $11 , $20 , $20 , $172 , $187 , $12 , $20 , $33 , $30 , $272 
98, $185 , $21 , $22 , $34 , $31 , $282 , $198 , $4 , $6 , $31 , $29 , $258 , $163 , $32 , $53 , $37 , $33 , $305 , $189 , $16 , $17 , $33 , $30 , $275 
99, $290 , $42 , $51 , $57 , $49 , $461 , $185 , $21 , $22 , $34 , $31 , $282 , $198 , $4 , $6 , $31 , $29 , $258 , $258 , $36 , $42 , $50 , $44 , $407 
100, $135 , $42 , $46 , $33 , $31 , $276 , $290 , $42 , $51 , $57 , $49 , $461 , $185 , $21 , $22 , $34 , $31 , $282 , $182 , $42 , $47 , $41 , $36 , $332 
101, $222 , $4 , $50 , $41 , $37 , $338 , $135 , $42 , $46 , $33 , $31 , $276 , $290 , $42 , $51 , $57 , $49 , $461 , $196 , $16 , $49 , $39 , $35 , $319 
102, $296 , $36 , $101 , $65 , $55 , $519 , $222 , $4 , $50 , $41 , $37 , $338 , $135 , $42 , $46 , $33 , $31 , $276 , $274 , $27 , $86 , $58 , $49 , $464 
103, $280 , $10 , $21 , $47 , $41 , $378 , $296 , $36 , $101 , $65 , $55 , $519 , $222 , $4 , $50 , $41 , $37 , $338 , $285 , $18 , $45 , $52 , $45 , $421 
104, $188 , $17 , $18 , $33 , $31 , $276 , $280 , $10 , $21 , $47 , $41 , $378 , $296 , $36 , $101 , $65 , $55 , $519 , $216 , $15 , $19 , $37 , $34 , $307 
105, $238 , $34 , $5 , $42 , $37 , $339 , $188 , $17 , $18 , $33 , $31 , $276 , $280 , $10 , $21 , $47 , $41 , $378 , $223 , $29 , $9 , $39 , $35 , $321 
106, $138 , $46 , $59 , $36 , $33 , $300 , $238 , $34 , $5 , $42 , $37 , $339 , $188 , $17 , $18 , $33 , $31 , $276 , $168 , $43 , $43 , $38 , $34 , $312 
107, $25 , $11 , $30 , $10 , $13 , $96 , $138 , $46 , $59 , $36 , $33 , $300 , $238 , $34 , $5 , $42 , $37 , $339 , $59 , $22 , $38 , $18 , $19 , $157 
108, $90 , $0 , $23 , $17 , $18 , $151 , $25 , $11 , $30 , $10 , $13 , $96 , $138 , $46 , $59 , $36 , $33 , $300 , $71 , $4 , $25 , $15 , $16 , $134 
109, $13 , $0 , $26 , $6 , $9 , $65 , $90 , $0 , $23 , $17 , $18 , $151 , $25 , $11 , $30 , $10 , $13 , $96 , $36 , $0 , $25 , $9 , $12 , $91 
110, $255 , $27 , $6 , $43 , $38 , $351 , $13 , $0 , $26 , $6 , $9 , $65 , $90 , $0 , $23 , $17 , $18 , $151 , $183 , $19 , $12 , $32 , $30 , $265 
111, $226 , $8 , $57 , $44 , $38 , $354 , $255 , $27 , $6 , $43 , $38 , $351 , $13 , $0 , $26 , $6 , $9 , $65 , $235 , $14 , $41 , $43 , $38 , $353 
112, $242 , $38 , $23 , $45 , $40 , $368 , $226 , $8 , $57 , $44 , $38 , $354 , $255 , $27 , $6 , $43 , $38 , $351 , $237 , $29 , $33 , $45 , $39 , $364 
113, $176 , $15 , $2 , $29 , $27 , $243 , $242 , $38 , $23 , $45 , $40 , $368 , $226 , $8 , $57 , $44 , $38 , $354 , $196 , $22 , $9 , $34 , $31 , $280 
114, $210 , $21 , $11 , $36 , $33 , $297 , $176 , $15 , $2 , $29 , $27 , $243 , $242 , $38 , $23 , $45 , $40 , $368 , $199 , $19 , $8 , $34 , $31 , $281 
115, $78 , $47 , $35 , $24 , $23 , $203 , $210 , $21 , $11 , $36 , $33 , $297 , $176 , $15 , $2 , $29 , $27 , $243 , $118 , $39 , $27 , $28 , $26 , $232 
116, $75 , $35 , $53 , $24 , $24 , $207 , $78 , $47 , $35 , $24 , $23 , $203 , $210 , $21 , $11 , $36 , $33 , $297 , $76 , $39 , $47 , $24 , $24 , $206 
117, $139 , $14 , $26 , $27 , $26 , $226 , $75 , $35 , $53 , $24 , $24 , $207 , $78 , $47 , $35 , $24 , $23 , $203 , $120 , $21 , $34 , $26 , $25 , $220 
118, $76 , $1 , $15 , $14 , $16 , $126 , $139 , $14 , $26 , $27 , $26 , $226 , $75 , $35 , $53 , $24 , $24 , $207 , $95 , $5 , $18 , $18 , $19 , $156 
119, $126 , $37 , $79 , $36 , $33 , $298 , $76 , $1 , $15 , $14 , $16 , $126 , $139 , $14 , $26 , $27 , $26 , $226 , $111 , $26 , $60 , $30 , $28 , $246 
120, $19 , $16 , $22 , $9 , $12 , $86 , $126 , $37 , $79 , $36 , $33 , $298 , $76 , $1 , $15 , $14 , $16 , $126 , $51 , $22 , $39 , $17 , $18 , $150 
121, $141 , $27 , $46 , $32 , $30 , $266 , $19 , $16 , $22 , $9 , $12 , $86 , $126 , $37 , $79 , $36 , $33 , $298 , $105 , $24 , $39 , $25 , $24 , $212 
122, $19 , $22 , $50 , $14 , $15 , $125 , $141 , $27 , $46 , $32 , $30 , $266 , $19 , $16 , $22 , $9 , $12 , $86 , $56 , $23 , $49 , $19 , $20 , $167 
123, $224 , $2 , $16 , $36 , $33 , $298 , $19 , $22 , $50 , $14 , $15 , $125 , $141 , $27 , $46 , $32 , $30 , $266 , $162 , $8 , $26 , $30 , $28 , $246 
124, $123 , $35 , $12 , $26 , $25 , $216 , $224 , $2 , $16 , $36 , $33 , $298 , $19 , $22 , $50 , $14 , $15 , $125 , $153 , $25 , $13 , $29 , $27 , $240 
125, $230 , $32 , $74 , $50 , $44 , $406 , $123 , $35 , $12 , $26 , $25 , $216 , $224 , $2 , $16 , $36 , $33 , $298 , $198 , $33 , $56 , $43 , $38 , $349 
126, $87 , $12 , $26 , $19 , $19 , $164 , $230 , $32 , $74 , $50 , $44 , $406 , $123 , $35 , $12 , $26 , $25 , $216 , $130 , $18 , $40 , $28 , $27 , $236 
127, $8 , $39 , $51 , $15 , $16 , $132 , $87 , $12 , $26 , $19 , $19 , $164 , $230 , $32 , $74 , $50 , $44 , $406 , $32 , $31 , $43 , $16 , $17 , $141 
128, $80 , $-   , $9 , $13 , $15 , $123 , $8 , $39 , $51 , $15 , $16 , $132 , $87 , $12 , $26 , $19 , $19 , $164 , $58 , $12 , $22 , $14 , $16 , $126 
129, $220 , $49 , $3 , $41 , $36 , $333 , $80 , $-   , $9 , $13 , $15 , $123 , $8 , $39 , $51 , $15 , $16 , $132 , $178 , $34 , $5 , $33 , $30 , $270 
130, $60 , $12 , $43 , $17 , $18 , $152 , $220 , $49 , $3 , $41 , $36 , $333 , $80 , $-   , $9 , $13 , $15 , $123 , $108 , $23 , $31 , $24 , $24 , $206 
131, $1 , $40 , $9 , $7 , $11 , $76 , $60 , $12 , $43 , $17 , $18 , $152 , $220 , $49 , $3 , $41 , $36 , $333 , $18 , $31 , $19 , $10 , $13 , $99 
132, $265 , $3 , $43 , $47 , $41 , $378 , $1 , $40 , $9 , $7 , $11 , $76 , $60 , $12 , $43 , $17 , $18 , $152 , $186 , $14 , $33 , $35 , $32 , $287 
133, $8 , $27 , $2 , $6 , $9 , $63 , $265 , $3 , $43 , $47 , $41 , $378 , $1 , $40 , $9 , $7 , $11 , $76 , $85 , $20 , $14 , $18 , $19 , $158 
134, $220 , $34 , $45 , $45 , $39 , $363 , $8 , $27 , $2 , $6 , $9 , $63 , $265 , $3 , $43 , $47 , $41 , $378 , $156 , $32 , $32 , $33 , $30 , $273 
135, $37 , $39 , $66 , $21 , $21 , $182 , $220 , $34 , $45 , $45 , $39 , $363 , $8 , $27 , $2 , $6 , $9 , $63 , $92 , $37 , $59 , $28 , $27 , $237 
136, $48 , $47 , $9 , $16 , $17 , $139 , $37 , $39 , $66 , $21 , $21 , $182 , $220 , $34 , $45 , $45 , $39 , $363 , $45 , $44 , $26 , $17 , $18 , $152 
137, $26 , $39 , $9 , $11 , $13 , $105 , $48 , $47 , $9 , $16 , $17 , $139 , $37 , $39 , $66 , $21 , $21 , $182 , $32 , $41 , $9 , $12 , $15 , $115 
138, $274 , $29 , $60 , $54 , $47 , $437 , $26 , $39 , $9 , $11 , $13 , $105 , $48 , $47 , $9 , $16 , $17 , $139 , $199 , $32 , $45 , $41 , $37 , $337 
139, $43 , $26 , $21 , $13 , $15 , $123 , $274 , $29 , $60 , $54 , $47 , $437 , $26 , $39 , $9 , $11 , $13 , $105 , $112 , $27 , $32 , $26 , $25 , $217 
140, $185 , $44 , $2 , $35 , $32 , $285 , $43 , $26 , $21 , $13 , $15 , $123 , $274 , $29 , $60 , $54 , $47 , $437 , $142 , $39 , $7 , $28 , $27 , $236 
141, $73 , $17 , $13 , $15 , $17 , $139 , $185 , $44 , $2 , $35 , $32 , $285 , $43 , $26 , $21 , $13 , $15 , $123 , $107 , $25 , $10 , $21 , $21 , $183 
142, $194 , $35 , $76 , $46 , $40 , $370 , $73 , $17 , $13 , $15 , $17 , $139 , $185 , $44 , $2 , $35 , $32 , $285 , $158 , $30 , $57 , $37 , $33 , $301 
143, $221 , $33 , $38 , $44 , $39 , $355 , $194 , $35 , $76 , $46 , $40 , $370 , $73 , $17 , $13 , $15 , $17 , $139 , $212 , $34 , $49 , $44 , $39 , $360 
144, $105 , $6 , $34 , $22 , $22 , $186 , $221 , $33 , $38 , $44 , $39 , $355 , $194 , $35 , $76 , $46 , $40 , $370 , $139 , $14 , $35 , $28 , $27 , $237 
145, $96 , $15 , $39 , $22 , $22 , $192 , $105 , $6 , $34 , $22 , $22 , $186 , $221 , $33 , $38 , $44 , $39 , $355 , $99 , $12 , $38 , $22 , $22 , $191 
146, $140 , $2 , $9 , $23 , $22 , $194 , $96 , $15 , $39 , $22 , $22 , $192 , $105 , $6 , $34 , $22 , $22 , $186 , $127 , $6 , $18 , $23 , $22 , $193 
147, $240 , $7 , $9 , $38 , $34 , $315 , $140 , $2 , $9 , $23 , $22 , $194 , $96 , $15 , $39 , $22 , $22 , $192 , $210 , $6 , $9 , $34 , $31 , $278 
148, $243 , $49 , $44 , $50 , $44 , $407 , $240 , $7 , $9 , $38 , $34 , $315 , $140 , $2 , $9 , $23 , $22 , $194 , $242 , $36 , $34 , $47 , $41 , $379 
149, $38 , $40 , $12 , $14 , $15 , $124 , $243 , $49 , $44 , $50 , $44 , $407 , $240 , $7 , $9 , $38 , $34 , $315 , $100 , $43 , $22 , $25 , $24 , $209 
150, $45 , $26 , $21 , $14 , $15 , $125 , $38 , $40 , $12 , $14 , $15 , $124 , $243 , $49 , $44 , $50 , $44 , $407 , $43 , $30 , $18 , $14 , $15 , $124 
151, $281 , $14 , $37 , $50 , $43 , $401 , $45 , $26 , $21 , $14 , $15 , $125 , $38 , $40 , $12 , $14 , $15 , $124 , $210 , $17 , $32 , $39 , $35 , $318 
152, $121 , $8 , $49 , $27 , $25 , $225 , $281 , $14 , $37 , $50 , $43 , $401 , $45 , $26 , $21 , $14 , $15 , $125 , $169 , $10 , $45 , $34 , $31 , $278 
153, $198 , $23 , $14 , $35 , $32 , $290 , $121 , $8 , $49 , $27 , $25 , $225 , $281 , $14 , $37 , $50 , $43 , $401 , $175 , $19 , $25 , $33 , $30 , $271 
154, $171 , $40 , $38 , $37 , $34 , $306 , $198 , $23 , $14 , $35 , $32 , $290 , $121 , $8 , $49 , $27 , $25 , $225 , $179 , $35 , $31 , $37 , $33 , $301 
155, $188 , $21 , $10 , $33 , $30 , $271 , $171 , $40 , $38 , $37 , $34 , $306 , $198 , $23 , $14 , $35 , $32 , $290 , $183 , $27 , $18 , $34 , $31 , $282 
156, $4 , $12 , $6 , $3 , $7 , $45 , $188 , $21 , $10 , $33 , $30 , $271 , $171 , $40 , $38 , $37 , $34 , $306 , $59 , $14 , $7 , $12 , $14 , $113 
157, $94 , $44 , $51 , $28 , $27 , $236 , $4 , $12 , $6 , $3 , $7 , $45 , $188 , $21 , $10 , $33 , $30 , $271 , $67 , $34 , $37 , $21 , $21 , $179 
158, $150 , $1 , $24 , $26 , $25 , $222 , $94 , $44 , $51 , $28 , $27 , $236 , $4 , $12 , $6 , $3 , $7 , $45 , $133 , $14 , $32 , $27 , $26 , $226 
159, $12 , $37 , $45 , $14 , $16 , $128 , $150 , $1 , $24 , $26 , $25 , $222 , $94 , $44 , $51 , $28 , $27 , $236 , $53 , $26 , $39 , $18 , $19 , $156 
160, $132 , $18 , $35 , $28 , $26 , $232 , $12 , $37 , $45 , $14 , $16 , $128 , $150 , $1 , $24 , $26 , $25 , $222 , $96 , $24 , $38 , $24 , $23 , $201 
161, $173 , $18 , $31 , $33 , $30 , $274 , $132 , $18 , $35 , $28 , $26 , $232 , $12 , $37 , $45 , $14 , $16 , $128 , $160 , $18 , $32 , $32 , $29 , $262 
162, $86 , $36 , $49 , $26 , $25 , $216 , $173 , $18 , $31 , $33 , $30 , $274 , $132 , $18 , $35 , $28 , $26 , $232 , $112 , $30 , $44 , $28 , $26 , $234 
163, $188 , $18 , $26 , $35 , $32 , $287 , $86 , $36 , $49 , $26 , $25 , $216 , $173 , $18 , $31 , $33 , $30 , $274 , $158 , $23 , $33 , $32 , $30 , $266 
164, $164 , $37 , $7 , $31 , $29 , $259 , $188 , $18 , $26 , $35 , $32 , $287 , $86 , $36 , $49 , $26 , $25 , $216 , $171 , $31 , $13 , $32 , $30 , $267 
165, $117 , $15 , $5 , $21 , $21 , $178 , $164 , $37 , $7 , $31 , $29 , $259 , $188 , $18 , $26 , $35 , $32 , $287 , $131 , $21 , $6 , $24 , $23 , $202 
166, $235 , $3 , $85 , $48 , $42 , $391 , $117 , $15 , $5 , $21 , $21 , $178 , $164 , $37 , $7 , $31 , $29 , $259 , $199 , $7 , $61 , $40 , $36 , $327 
167, $18 , $38 , $22 , $12 , $14 , $109 , $235 , $3 , $85 , $48 , $42 , $391 , $117 , $15 , $5 , $21 , $21 , $178 , $83 , $27 , $41 , $23 , $22 , $193 
168, $207 , $5 , $19 , $35 , $32 , $286 , $18 , $38 , $22 , $12 , $14 , $109 , $235 , $3 , $85 , $48 , $42 , $391 , $150 , $15 , $20 , $28 , $26 , $233 
169, $215 , $24 , $58 , $44 , $39 , $361 , $207 , $5 , $19 , $35 , $32 , $286 , $18 , $38 , $22 , $12 , $14 , $109 , $213 , $18 , $46 , $42 , $37 , $339 
170, $284 , $11 , $6 , $45 , $40 , $366 , $215 , $24 , $58 , $44 , $39 , $361 , $207 , $5 , $19 , $35 , $32 , $286 , $264 , $15 , $22 , $45 , $39 , $365 
171, $50 , $12 , $18 , $12 , $14 , $112 , $284 , $11 , $6 , $45 , $40 , $366 , $215 , $24 , $58 , $44 , $39 , $361 , $120 , $11 , $15 , $22 , $22 , $188 
172, $165 , $21 , $47 , $35 , $32 , $288 , $50 , $12 , $18 , $12 , $14 , $112 , $284 , $11 , $6 , $45 , $40 , $366 , $130 , $18 , $39 , $28 , $27 , $235 
173, $20 , $20 , $17 , $9 , $12 , $85 , $165 , $21 , $47 , $35 , $32 , $288 , $50 , $12 , $18 , $12 , $14 , $112 , $63 , $20 , $26 , $16 , $18 , $146 
174, $168 , $7 , $13 , $28 , $27 , $237 , $20 , $20 , $17 , $9 , $12 , $85 , $165 , $21 , $47 , $35 , $32 , $288 , $124 , $11 , $14 , $22 , $22 , $191 
175, $222 , $3 , $13 , $36 , $32 , $295 , $168 , $7 , $13 , $28 , $27 , $237 , $20 , $20 , $17 , $9 , $12 , $85 , $206 , $5 , $13 , $34 , $31 , $277 
176, $277 , $49 , $42 , $55 , $47 , $443 , $222 , $3 , $13 , $36 , $32 , $295 , $168 , $7 , $13 , $28 , $27 , $237 , $261 , $35 , $33 , $49 , $43 , $398 
177, $248 , $30 , $20 , $45 , $39 , $364 , $277 , $49 , $42 , $55 , $47 , $443 , $222 , $3 , $13 , $36 , $32 , $295 , $257 , $36 , $27 , $48 , $42 , $387 
178, $170 , $8 , $35 , $32 , $30 , $265 , $248 , $30 , $20 , $45 , $39 , $364 , $277 , $49 , $42 , $55 , $47 , $443 , $194 , $15 , $31 , $36 , $32 , $295 
179, $277 , $2 , $24 , $45 , $40 , $368 , $170 , $8 , $35 , $32 , $30 , $265 , $248 , $30 , $20 , $45 , $39 , $364 , $245 , $4 , $27 , $41 , $37 , $337 
180, $166 , $10 , $18 , $29 , $27 , $242 , $277 , $2 , $24 , $45 , $40 , $368 , $170 , $8 , $35 , $32 , $30 , $265 , $199 , $8 , $19 , $34 , $31 , $280 
181, $157 , $3 , $8 , $25 , $24 , $213 , $166 , $10 , $18 , $29 , $27 , $242 , $277 , $2 , $24 , $45 , $40 , $368 , $159 , $5 , $11 , $26 , $25 , $221 
182, $219 , $5 , $27 , $38 , $34 , $309 , $157 , $3 , $8 , $25 , $24 , $213 , $166 , $10 , $18 , $29 , $27 , $242 , $200 , $5 , $22 , $34 , $31 , $280 
183, $56 , $6 , $30 , $14 , $16 , $125 , $219 , $5 , $27 , $38 , $34 , $309 , $157 , $3 , $8 , $25 , $24 , $213 , $105 , $6 , $29 , $21 , $21 , $180 
184, $288 , $43 , $72 , $60 , $51 , $483 , $56 , $6 , $30 , $14 , $16 , $125 , $219 , $5 , $27 , $38 , $34 , $309 , $218 , $32 , $59 , $46 , $41 , $376 
185, $254 , $21 , $30 , $46 , $40 , $371 , $288 , $43 , $72 , $60 , $51 , $483 , $56 , $6 , $30 , $14 , $16 , $125 , $264 , $28 , $43 , $50 , $43 , $404 
186, $205 , $45 , $20 , $40 , $36 , $330 , $254 , $21 , $30 , $46 , $40 , $371 , $288 , $43 , $72 , $60 , $51 , $483 , $220 , $38 , $23 , $42 , $37 , $342 
187, $140 , $2 , $27 , $25 , $24 , $213 , $205 , $45 , $20 , $40 , $36 , $330 , $254 , $21 , $30 , $46 , $40 , $371 , $159 , $15 , $25 , $30 , $28 , $248 
188, $191 , $29 , $18 , $36 , $32 , $294 , $140 , $2 , $27 , $25 , $24 , $213 , $205 , $45 , $20 , $40 , $36 , $330 , $176 , $21 , $21 , $33 , $30 , $270 
189, $286 , $14 , $4 , $46 , $40 , $369 , $191 , $29 , $18 , $36 , $32 , $294 , $140 , $2 , $27 , $25 , $24 , $213 , $258 , $18 , $8 , $43 , $38 , $347 
190, $19 , $12 , $23 , $8 , $11 , $82 , $286 , $14 , $4 , $46 , $40 , $369 , $191 , $29 , $18 , $36 , $32 , $294 , $99 , $13 , $17 , $19 , $20 , $168 
191, $40 , $41 , $6 , $13 , $15 , $119 , $19 , $12 , $23 , $8 , $11 , $82 , $286 , $14 , $4 , $46 , $40 , $369 , $33 , $32 , $11 , $12 , $14 , $108 
192, $76 , $11 , $6 , $14 , $16 , $126 , $40 , $41 , $6 , $13 , $15 , $119 , $19 , $12 , $23 , $8 , $11 , $82 , $65 , $20 , $6 , $14 , $15 , $124 
193, $17 , $4 , $32 , $8 , $11 , $81 , $76 , $11 , $6 , $14 , $16 , $126 , $40 , $41 , $6 , $13 , $15 , $119 , $35 , $6 , $24 , $10 , $12 , $94 
194, $167 , $42 , $4 , $32 , $29 , $264 , $17 , $4 , $32 , $8 , $11 , $81 , $76 , $11 , $6 , $14 , $16 , $126 , $122 , $31 , $12 , $25 , $24 , $209 
195, $150 , $36 , $6 , $29 , $27 , $240 , $167 , $42 , $4 , $32 , $29 , $264 , $17 , $4 , $32 , $8 , $11 , $81 , $155 , $38 , $5 , $30 , $28 , $247 
196, $38 , $4 , $14 , $8 , $11 , $84 , $150 , $36 , $6 , $29 , $27 , $240 , $167 , $42 , $4 , $32 , $29 , $264 , $72 , $13 , $11 , $14 , $16 , $131 
197, $94 , $5 , $8 , $16 , $17 , $143 , $38 , $4 , $14 , $8 , $11 , $84 , $150 , $36 , $6 , $29 , $27 , $240 , $77 , $5 , $10 , $14 , $16 , $126 
198, $177 , $9 , $6 , $29 , $27 , $242 , $94 , $5 , $8 , $16 , $17 , $143 , $38 , $4 , $14 , $8 , $11 , $84 , $152 , $8 , $7 , $25 , $24 , $212 
199, $284 , $42 , $66 , $59 , $50 , $471 , $177 , $9 , $6 , $29 , $27 , $242 , $94 , $5 , $8 , $16 , $17 , $143 , $252 , $32 , $48 , $50 , $43 , $402 
200, $232 , $9 , $9 , $37 , $34 , $307 , $284 , $42 , $66 , $59 , $50 , $471 , $177 , $9 , $6 , $29 , $27 , $242 , $248 , $19 , $26 , $44 , $39 , $356 
